on,chr,start,end,size (bp),n oligos,density,primer code,Primer name,Primer sequence,Primer name,Primer sequence,cluster
11,chr18,54000000,54990180,990180,13453,13.587,A,BB82-FWD,/5Phos/GTATCGTGCAAGGGTGAATGC,SecX-BB278-REV,/SecX/GAGCAGTCACAGTCCAGAAGG,0/1
12,chr18,54995000,56335000,1340000,17829,13.306,B,BB81-FWD,/5Phos/ATCCTAGCCCATACGGCAATG,SecX-BB281-REV,/SecX/GGACATGGGTCAGGTAGGTTG,0/1
21,chr8,42540000,43275000,735000,7664,10.428,C,BB287-FWD,/5Phos/CGCTCGGTCTCCGTTCGTCTC,SecX-BB288-REV,/SecX/GGGCTAGGTACAGGGTTCAGC,0/0
22,chr8,43355000,44030000,675000,6124,9.074,D,BB293-FWD,/5Phos/CCGAGTCTAGCGTCTCCTCTG,SecX-BB294-REV,/SecX/AACAGAGCCAGCCTCTACCTG,0/0
32,chr2,86490000,87460000,970000,6954,7.172,F,BB295-FWD,/5Phos/GCGTTAGGGTGCTTACGTCTG,SecX-BB296-REV,/SecX/CACCTCCGTCTCTCACCTCTC,0/0
33,chr2,87475000,88330000,855000,5837,6.827,G,BB84-FWD,/5Phos/GATACGTTGGGAGGCAATGAG,SecX-BB83-REV,/SecX/ATCCTAACAATCCCGCTGAGG,0/0
51,chr15,39355000,39845000,490000,5824,11.887,K,BB300-FWD,/5Phos/CCAGTGCTCGTGTGAGAAGTC,SecX-BB301-REV,/SecX/CTGCAGAGAAGAGGCAGGTTC,1/1
51a,chr15,39355000,39600000,245000,2518,10.285,M,AB05-FWD,/5Phos/ACATACGCCTCGGGTTGGAC,SecX-AB06-REV,/SecX/GTGTCGCGTCGGCCAGAAAC,0/1
51b,chr15,39600000,39845000,245000,3305,13.512,N,AB07-FWD,/5Phos/CCCGATACGTCGTGGGATTC,SecX-AB08-REV,/SecX/CTCGGCGTCTTCCGACGATG,1/1
52,chr15,39855000,40140000,285000,3481,12.22,L,AB01-FWD,/5Phos/TGCGTTCGGTCTCCGTCAAC,SecX-AB02-REV,/SecX/ATCGCGACGTGTGATGGAAC,1/1
61a,chr1,68105000,68705000,600000,6074,10.125,I,BB193-FWD,/5Phos/TTGATCTCGCTGGATCGTTCT,SecX-BB280-REV,/SecX/GGGAGTAGGGTCCTTTGTGTG,0/1
61b,chr1,68725000,69150000,425000,4907,11.547,J,BB291-FWD,/5Phos/CAGGTCGAGCCCTGTAGTACG,SecX-BB292-REV,/SecX/CTAGGAGACAGCCTCGGACAC,0/1
62,chr1,69170000,69770000,600000,7951,13.253,K,BB300-FWD,/5Phos/CCAGTGCTCGTGTGAGAAGTC,SecX-BB301-REV,/SecX/CTGCAGAGAAGAGGCAGGTTC,0/1
101,chr1,136765000,137215000,450000,6254,13.913,F,BB295-FWD,/5Phos/GCGTTAGGGTGCTTACGTCTG,SecX-BB296-REV,/SecX/CACCTCCGTCTCTCACCTCTC,1/1
102a,chr1,137235000,137580000,345000,4232,12.324,G,BB84-FWD,/5Phos/GATACGTTGGGAGGCAATGAG,SecX-BB83-REV,/SecX/ATCCTAACAATCCCGCTGAGG,0/1
102b,chr1,137600000,138050000,450000,5658,12.599,H,BB302-FWD,/5Phos/CGCACTGAACCAGACTACCTG,SecX-BB303-REV,/SecX/GAGAGGCGAGGACACCTACAG,0/1
103,chr1,136535000,136750000,215000,1975,9.246,M,AB05-FWD,/5Phos/ACATACGCCTCGGGTTGGAC,SecX-AB06-REV,/SecX/GTGTCGCGTCGGCCAGAAAC,1/1
111,chr2,55080000,56050000,970000,3063,3.168,A,BB82-FWD,/5Phos/GTATCGTGCAAGGGTGAATGC,SecX-BB278-REV,/SecX/GAGCAGTCACAGTCCAGAAGG,0/0
112,chr2,56090000,57080000,990000,4359,4.405,B,BB81-FWD,/5Phos/ATCCTAGCCCATACGGCAATG,SecX-BB281-REV,/SecX/GGACATGGGTCAGGTAGGTTG,0/0
121a,chr2,138040000,138680000,640000,4622,7.227,D,BB293-FWD,/5Phos/CCGAGTCTAGCGTCTCCTCTG,SecX-BB294-REV,/SecX/AACAGAGCCAGCCTCTACCTG,0/1
121b,chr2,138700000,139340000,640000,3559,5.567,E,BB298-FWD,/5Phos/CGTCAGTACAGGGTGTGATGC,SecX-BB187-REV,/SecX/TTGATCTTGACCCATCGAAGC,0/0
81,chr2,49360000,49730000,370000,3403,9.201,G,BB84-FWD,/5Phos/GATACGTTGGGAGGCAATGAG,SecX-BB83-REV,/SecX/ATCCTAACAATCCCGCTGAGG,1/1
82a,chr2,49760000,49990000,230000,2781,12.103,H,BB302-FWD,/5Phos/CGCACTGAACCAGACTACCTG,SecX-BB303-REV,/SecX/GAGAGGCGAGGACACCTACAG,1/1
82b,chr2,50020000,50270000,250000,2477,9.92,I,BB193-FWD,/5Phos/TTGATCTCGCTGGATCGTTCT,SecX-BB280-REV,/SecX/GGGAGTAGGGTCCTTTGTGTG,0/1
141a,chr10,100740000,101525000,785000,3028,3.858,N,AB07-FWD,/5Phos/CCCGATACGTCGTGGGATTC,SecX-AB08-REV,/SecX/CTCGGCGTCTTCCGACGATG,0/0
141b,chr10,101555000,102340000,785000,2774,3.54,O,AB10-FWD,/5Phos/TGGTTCGGATTGCGAGACTC,SecXB-AB11-REV,/SecX/CACGGCGGAGGGATAAGTTG,0/0
5d2,chr15,39825000,39875000,50000,750,15.028,P,AB12-FWD,/5Phos/TCGGCCCTTATCGGTAGCAG,SecX- AB13-REV,/SecX/CAACGCGCTCGTGTACAACG,NaN
Drosophila TAD,chrX,4851500,4961200,109700,1174,10.7,C,BB287-FWD,/5Phos/CGCTCGGTCTCCGTTCGTCTC,SecX-BB288-REV,/SecX/GGGCTAGGTACAGGGTTCAGC,NaN
