probe ID,chr,start,end,size (bp),n oligos,density,primer code,Primer name,Primer sequence,Primer name,Primer sequence,cluster
11,chr18,"54,000,000","54,990,180","990,180",13.453,13.587,A,BB82-FWD,/5Phos/GTATCGTGCAAGGGTGAATGC,SecX-BB278-REV,/SecX/GAGCAGTCACAGTCCAGAAGG,0/1
12,chr18,"54,995,000","56,335,000","1,340,000",17.829,13.306,B,BB81-FWD,/5Phos/ATCCTAGCCCATACGGCAATG,SecX-BB281-REV,/SecX/GGACATGGGTCAGGTAGGTTG,0/1
21,chr8,"42,540,000","43,275,000","735,000",7.664,10.428,C,BB287-FWD,/5Phos/CGCTCGGTCTCCGTTCGTCTC,SecX-BB288-REV,/SecX/GGGCTAGGTACAGGGTTCAGC,0/0
22,chr8,"43,355,000","44,030,000","675,000",6.124,9.074,D,BB293-FWD,/5Phos/CCGAGTCTAGCGTCTCCTCTG,SecX-BB294-REV,/SecX/AACAGAGCCAGCCTCTACCTG,0/0
32,chr2,"86,490,000","87,460,000","970,000",6.954,7.172,F,BB295-FWD,/5Phos/GCGTTAGGGTGCTTACGTCTG,SecX-BB296-REV,/SecX/CACCTCCGTCTCTCACCTCTC,0/0
33,chr2,"87,475,000","88,330,000","855,000",5.837,6.827,G,BB84-FWD,/5Phos/GATACGTTGGGAGGCAATGAG,SecX-BB83-REV,/SecX/ATCCTAACAATCCCGCTGAGG,0/0
51,chr15,"39,355,000","39,845,000","490,000",5.824,11.887,K,BB300-FWD,/5Phos/CCAGTGCTCGTGTGAGAAGTC,SecX-BB301-REV,/SecX/CTGCAGAGAAGAGGCAGGTTC,1/1
51a,chr15,"39,355,000","39,600,000","245,000",2.518,10.285,M,AB05-FWD,/5Phos/ACATACGCCTCGGGTTGGAC,SecX-AB06-REV,/SecX/GTGTCGCGTCGGCCAGAAAC,0/1
51b,chr15,"39,600,000","39,845,000","245,000",3.305,13.512,N,AB07-FWD,/5Phos/CCCGATACGTCGTGGGATTC,SecX-AB08-REV,/SecX/CTCGGCGTCTTCCGACGATG,1/1
52,chr15,"39,855,000","40,140,000","285,000",3.481,12.22,L,AB01-FWD,/5Phos/TGCGTTCGGTCTCCGTCAAC,SecX-AB02-REV,/SecX/ATCGCGACGTGTGATGGAAC,1/1
61a,chr1,"68,105,000","68,705,000","600,000",6.074,10.125,I,BB193-FWD,/5Phos/TTGATCTCGCTGGATCGTTCT,SecX-BB280-REV,/SecX/GGGAGTAGGGTCCTTTGTGTG,0/1
61b,chr1,"68,725,000","69,150,000","425,000",4.907,11.547,J,BB291-FWD,/5Phos/CAGGTCGAGCCCTGTAGTACG,SecX-BB292-REV,/SecX/CTAGGAGACAGCCTCGGACAC,0/1
62,chr1,"69,170,000","69,770,000","600,000",7.951,13.253,K,BB300-FWD,/5Phos/CCAGTGCTCGTGTGAGAAGTC,SecX-BB301-REV,/SecX/CTGCAGAGAAGAGGCAGGTTC,0/1
101,chr1,"136,765,000","137,215,000","450,000",6.254,13.913,F,BB295-FWD,/5Phos/GCGTTAGGGTGCTTACGTCTG,SecX-BB296-REV,/SecX/CACCTCCGTCTCTCACCTCTC,1/1
102a,chr1,"137,235,000","137,580,000","345,000",4.232,12.324,G,BB84-FWD,/5Phos/GATACGTTGGGAGGCAATGAG,SecX-BB83-REV,/SecX/ATCCTAACAATCCCGCTGAGG,0/1
102b,chr1,"137,600,000","138,050,000","450,000",5.658,12.599,H,BB302-FWD,/5Phos/CGCACTGAACCAGACTACCTG,SecX-BB303-REV,/SecX/GAGAGGCGAGGACACCTACAG,0/1
103,chr1,"136,535,000","136,750,000","215,000",1.975,9.246,M,AB05-FWD,/5Phos/ACATACGCCTCGGGTTGGAC,SecX-AB06-REV,/SecX/GTGTCGCGTCGGCCAGAAAC,1/1
111,chr2,"55,080,000","56,050,000","970,000",3.063,3.168,A,BB82-FWD,/5Phos/GTATCGTGCAAGGGTGAATGC,SecX-BB278-REV,/SecX/GAGCAGTCACAGTCCAGAAGG,0/0
112,chr2,"56,090,000","57,080,000","990,000",4.359,4.405,B,BB81-FWD,/5Phos/ATCCTAGCCCATACGGCAATG,SecX-BB281-REV,/SecX/GGACATGGGTCAGGTAGGTTG,0/0
121a,chr2,"138,040,000","138,680,000","640,000",4.622,7.227,D,BB293-FWD,/5Phos/CCGAGTCTAGCGTCTCCTCTG,SecX-BB294-REV,/SecX/AACAGAGCCAGCCTCTACCTG,0/1
121b,chr2,"138,700,000","139,340,000","640,000",3.559,5.567,E,BB298-FWD,/5Phos/CGTCAGTACAGGGTGTGATGC,SecX-BB187-REV,/SecX/TTGATCTTGACCCATCGAAGC,0/0
81,chr2,"49,360,000","49,730,000","370,000",3.403,9.201,G,BB84-FWD,/5Phos/GATACGTTGGGAGGCAATGAG,SecX-BB83-REV,/SecX/ATCCTAACAATCCCGCTGAGG,1/1
82a,chr2,"49,760,000","49,990,000","230,000",2.781,12.103,H,BB302-FWD,/5Phos/CGCACTGAACCAGACTACCTG,SecX-BB303-REV,/SecX/GAGAGGCGAGGACACCTACAG,1/1
82b,chr2,"50,020,000","50,270,000","250,000",2.477,9.92,I,BB193-FWD,/5Phos/TTGATCTCGCTGGATCGTTCT,SecX-BB280-REV,/SecX/GGGAGTAGGGTCCTTTGTGTG,0/1
141a,chr10,"100,740,000","101,525,000","785,000",3.028,3.858,N,AB07-FWD,/5Phos/CCCGATACGTCGTGGGATTC,SecX-AB08-REV,/SecX/CTCGGCGTCTTCCGACGATG,0/0
141b,chr10,"101,555,000","102,340,000","785,000",2.774,3.54,O,AB10-FWD,/5Phos/TGGTTCGGATTGCGAGACTC,SecXB-AB11-REV,/SecX/CACGGCGGAGGGATAAGTTG,0/0
5d2,chr15,"39,825,000","39,875,000","50,000",750,15.028,P,AB12-FWD,/5Phos/TCGGCCCTTATCGGTAGCAG,SecX- AB13-REV,/SecX/CAACGCGCTCGTGTACAACG,-
Drosophila TAD,chrX,"4,851,500","4,961,200","109,700",1.174,10.7,C,BB287-FWD,/5Phos/CGCTCGGTCTCCGTTCGTCTC,SecX-BB288-REV,/SecX/GGGCTAGGTACAGGGTTCAGC,-
