# header s,s,s,s,s,s,s,s,s,s,s,s,s,s,s,s,s,s,s,s,s,l,l,l,l,d,s,s,s,s,s,s,s,l,l,l,l,d,s,s,s,s,s,s
Image Name,Date,Refractive Index,Cell Line Name,Probe Ch0,Probe Ch1,Sir Tag,Number Of Channels,Aligned Tag,Thresholded Tag,Image Number,Label Ch0,Label Ch1,Characteristics [Organism],Term Source 1 REF,Term Source 1 URL,Term Source 2 REF,Term Source 2 URL,Term Source 2 Accession,Tissue,Chr Ch0,Start Ch0,End Ch0,Size bp Ch0,Number Oligos Ch0,Density Ch0,Primer Code Ch0,Primer Name Forward Ch0,Primer Sequence Forward Ch0,Primer Name Reverse Ch0,Primer Sequence Reverse Ch0,Cluster NPC Ch0,Chr Ch1,Start Ch1,End Ch1,Size bp Ch1,Number Oligos Ch1,Density Ch1,Primer Code Ch1,Primer Name Forward Ch1,Primer Sequence Forward Ch1,Primer Name Reverse Ch1,Primer Sequence Reverse Ch1,Cluster NPC Ch1
20180618_RI516_ncxNPC_11_12_SIR_2C_ALN_THR_38.ome.tiff,20180618,RI516,ncxNPC,11,12,SIR,2C,ALN,THR,38,ATTO-565,Alexa-488,Mus musculus,10090,http://purl.obolibrary.org/obo/NCBITaxon_10090,UBERON,http://purl.obolibrary.org/obo/UBERON_0001950,UBERON_0001950,E14.5 neocortex ,chr18,54000000,54990180,990180,13453,13.587,A,BB82-FWD,/5Phos/GTATCGTGCAAGGGTGAATGC,SecX-BB278-REV,/SecX/GAGCAGTCACAGTCCAGAAGG,active,chr18,54995000,56335000,1340000,17829,13.306,B,BB81-FWD,/5Phos/ATCCTAGCCCATACGGCAATG,SecX-BB281-REV,/SecX/GGACATGGGTCAGGTAGGTTG,active
20180809_RI516_ncxNPC_22_21_SIR_2C_ALN_THR_3.ome.tiff,20180809,RI516,ncxNPC,22,21,SIR,2C,ALN,THR,3,ATTO-565,Alexa-488,Mus musculus,10090,http://purl.obolibrary.org/obo/NCBITaxon_10090,UBERON,http://purl.obolibrary.org/obo/UBERON_0001950,UBERON_0001950,E14.5 neocortex ,chr8,43355000,44030000,675000,6124,9.074,D,BB293-FWD,/5Phos/CCGAGTCTAGCGTCTCCTCTG,SecX-BB294-REV,/SecX/AACAGAGCCAGCCTCTACCTG,repressed,chr8,42540000,43275000,735000,7664,10.428,C,BB287-FWD,/5Phos/CGCTCGGTCTCCGTTCGTCTC,SecX-BB288-REV,/SecX/GGGCTAGGTACAGGGTTCAGC,repressed
20180809_RI516_ncxNPC_22_21_SIR_2C_ALN_THR_13.ome.tiff,20180809,RI516,ncxNPC,22,21,SIR,2C,ALN,THR,13,ATTO-565,Alexa-488,Mus musculus,10090,http://purl.obolibrary.org/obo/NCBITaxon_10090,UBERON,http://purl.obolibrary.org/obo/UBERON_0001950,UBERON_0001950,E14.5 neocortex ,chr8,43355000,44030000,675000,6124,9.074,D,BB293-FWD,/5Phos/CCGAGTCTAGCGTCTCCTCTG,SecX-BB294-REV,/SecX/AACAGAGCCAGCCTCTACCTG,repressed,chr8,42540000,43275000,735000,7664,10.428,C,BB287-FWD,/5Phos/CGCTCGGTCTCCGTTCGTCTC,SecX-BB288-REV,/SecX/GGGCTAGGTACAGGGTTCAGC,repressed
20180809_RI516_ncxNPC_22_21_SIR_2C_ALN_THR_32.ome.tiff,20180809,RI516,ncxNPC,22,21,SIR,2C,ALN,THR,32,ATTO-565,Alexa-488,Mus musculus,10090,http://purl.obolibrary.org/obo/NCBITaxon_10090,UBERON,http://purl.obolibrary.org/obo/UBERON_0001950,UBERON_0001950,E14.5 neocortex ,chr8,43355000,44030000,675000,6124,9.074,D,BB293-FWD,/5Phos/CCGAGTCTAGCGTCTCCTCTG,SecX-BB294-REV,/SecX/AACAGAGCCAGCCTCTACCTG,repressed,chr8,42540000,43275000,735000,7664,10.428,C,BB287-FWD,/5Phos/CGCTCGGTCTCCGTTCGTCTC,SecX-BB288-REV,/SecX/GGGCTAGGTACAGGGTTCAGC,repressed
20180809_RI516_ncxNPC_22_21_SIR_2C_ALN_THR_8.ome.tiff,20180809,RI516,ncxNPC,22,21,SIR,2C,ALN,THR,8,ATTO-565,Alexa-488,Mus musculus,10090,http://purl.obolibrary.org/obo/NCBITaxon_10090,UBERON,http://purl.obolibrary.org/obo/UBERON_0001950,UBERON_0001950,E14.5 neocortex ,chr8,43355000,44030000,675000,6124,9.074,D,BB293-FWD,/5Phos/CCGAGTCTAGCGTCTCCTCTG,SecX-BB294-REV,/SecX/AACAGAGCCAGCCTCTACCTG,repressed,chr8,42540000,43275000,735000,7664,10.428,C,BB287-FWD,/5Phos/CGCTCGGTCTCCGTTCGTCTC,SecX-BB288-REV,/SecX/GGGCTAGGTACAGGGTTCAGC,repressed
20180618_RI516_ncxNPC_11_12_SIR_2C_ALN_THR_4.ome.tiff,20180618,RI516,ncxNPC,11,12,SIR,2C,ALN,THR,4,ATTO-565,Alexa-488,Mus musculus,10090,http://purl.obolibrary.org/obo/NCBITaxon_10090,UBERON,http://purl.obolibrary.org/obo/UBERON_0001950,UBERON_0001950,E14.5 neocortex ,chr18,54000000,54990180,990180,13453,13.587,A,BB82-FWD,/5Phos/GTATCGTGCAAGGGTGAATGC,SecX-BB278-REV,/SecX/GAGCAGTCACAGTCCAGAAGG,active,chr18,54995000,56335000,1340000,17829,13.306,B,BB81-FWD,/5Phos/ATCCTAGCCCATACGGCAATG,SecX-BB281-REV,/SecX/GGACATGGGTCAGGTAGGTTG,active
20180618_RI516_ncxNPC_11_12_SIR_2C_ALN_THR_15.ome.tiff,20180618,RI516,ncxNPC,11,12,SIR,2C,ALN,THR,15,ATTO-565,Alexa-488,Mus musculus,10090,http://purl.obolibrary.org/obo/NCBITaxon_10090,UBERON,http://purl.obolibrary.org/obo/UBERON_0001950,UBERON_0001950,E14.5 neocortex ,chr18,54000000,54990180,990180,13453,13.587,A,BB82-FWD,/5Phos/GTATCGTGCAAGGGTGAATGC,SecX-BB278-REV,/SecX/GAGCAGTCACAGTCCAGAAGG,active,chr18,54995000,56335000,1340000,17829,13.306,B,BB81-FWD,/5Phos/ATCCTAGCCCATACGGCAATG,SecX-BB281-REV,/SecX/GGACATGGGTCAGGTAGGTTG,active
20180618_RI516_ncxNPC_11_12_SIR_2C_ALN_THR_24.ome.tiff,20180618,RI516,ncxNPC,11,12,SIR,2C,ALN,THR,24,ATTO-565,Alexa-488,Mus musculus,10090,http://purl.obolibrary.org/obo/NCBITaxon_10090,UBERON,http://purl.obolibrary.org/obo/UBERON_0001950,UBERON_0001950,E14.5 neocortex ,chr18,54000000,54990180,990180,13453,13.587,A,BB82-FWD,/5Phos/GTATCGTGCAAGGGTGAATGC,SecX-BB278-REV,/SecX/GAGCAGTCACAGTCCAGAAGG,active,chr18,54995000,56335000,1340000,17829,13.306,B,BB81-FWD,/5Phos/ATCCTAGCCCATACGGCAATG,SecX-BB281-REV,/SecX/GGACATGGGTCAGGTAGGTTG,active
20180618_RI516_ncxNPC_11_12_SIR_2C_ALN_THR_5.ome.tiff,20180618,RI516,ncxNPC,11,12,SIR,2C,ALN,THR,5,ATTO-565,Alexa-488,Mus musculus,10090,http://purl.obolibrary.org/obo/NCBITaxon_10090,UBERON,http://purl.obolibrary.org/obo/UBERON_0001950,UBERON_0001950,E14.5 neocortex ,chr18,54000000,54990180,990180,13453,13.587,A,BB82-FWD,/5Phos/GTATCGTGCAAGGGTGAATGC,SecX-BB278-REV,/SecX/GAGCAGTCACAGTCCAGAAGG,active,chr18,54995000,56335000,1340000,17829,13.306,B,BB81-FWD,/5Phos/ATCCTAGCCCATACGGCAATG,SecX-BB281-REV,/SecX/GGACATGGGTCAGGTAGGTTG,active
20180809_RI516_ncxNPC_22_21_SIR_2C_ALN_THR_28.ome.tiff,20180809,RI516,ncxNPC,22,21,SIR,2C,ALN,THR,28,ATTO-565,Alexa-488,Mus musculus,10090,http://purl.obolibrary.org/obo/NCBITaxon_10090,UBERON,http://purl.obolibrary.org/obo/UBERON_0001950,UBERON_0001950,E14.5 neocortex ,chr8,43355000,44030000,675000,6124,9.074,D,BB293-FWD,/5Phos/CCGAGTCTAGCGTCTCCTCTG,SecX-BB294-REV,/SecX/AACAGAGCCAGCCTCTACCTG,repressed,chr8,42540000,43275000,735000,7664,10.428,C,BB287-FWD,/5Phos/CGCTCGGTCTCCGTTCGTCTC,SecX-BB288-REV,/SecX/GGGCTAGGTACAGGGTTCAGC,repressed
20180618_RI516_ncxNPC_11_12_SIR_2C_ALN_THR_9.ome.tiff,20180618,RI516,ncxNPC,11,12,SIR,2C,ALN,THR,9,ATTO-565,Alexa-488,Mus musculus,10090,http://purl.obolibrary.org/obo/NCBITaxon_10090,UBERON,http://purl.obolibrary.org/obo/UBERON_0001950,UBERON_0001950,E14.5 neocortex ,chr18,54000000,54990180,990180,13453,13.587,A,BB82-FWD,/5Phos/GTATCGTGCAAGGGTGAATGC,SecX-BB278-REV,/SecX/GAGCAGTCACAGTCCAGAAGG,active,chr18,54995000,56335000,1340000,17829,13.306,B,BB81-FWD,/5Phos/ATCCTAGCCCATACGGCAATG,SecX-BB281-REV,/SecX/GGACATGGGTCAGGTAGGTTG,active
20180618_RI516_ncxNPC_11_12_SIR_2C_ALN_THR_30.ome.tiff,20180618,RI516,ncxNPC,11,12,SIR,2C,ALN,THR,30,ATTO-565,Alexa-488,Mus musculus,10090,http://purl.obolibrary.org/obo/NCBITaxon_10090,UBERON,http://purl.obolibrary.org/obo/UBERON_0001950,UBERON_0001950,E14.5 neocortex ,chr18,54000000,54990180,990180,13453,13.587,A,BB82-FWD,/5Phos/GTATCGTGCAAGGGTGAATGC,SecX-BB278-REV,/SecX/GAGCAGTCACAGTCCAGAAGG,active,chr18,54995000,56335000,1340000,17829,13.306,B,BB81-FWD,/5Phos/ATCCTAGCCCATACGGCAATG,SecX-BB281-REV,/SecX/GGACATGGGTCAGGTAGGTTG,active
20180809_RI516_ncxNPC_22_21_SIR_2C_ALN_THR_1.ome.tiff,20180809,RI516,ncxNPC,22,21,SIR,2C,ALN,THR,1,ATTO-565,Alexa-488,Mus musculus,10090,http://purl.obolibrary.org/obo/NCBITaxon_10090,UBERON,http://purl.obolibrary.org/obo/UBERON_0001950,UBERON_0001950,E14.5 neocortex ,chr8,43355000,44030000,675000,6124,9.074,D,BB293-FWD,/5Phos/CCGAGTCTAGCGTCTCCTCTG,SecX-BB294-REV,/SecX/AACAGAGCCAGCCTCTACCTG,repressed,chr8,42540000,43275000,735000,7664,10.428,C,BB287-FWD,/5Phos/CGCTCGGTCTCCGTTCGTCTC,SecX-BB288-REV,/SecX/GGGCTAGGTACAGGGTTCAGC,repressed
20180618_RI516_ncxNPC_11_12_SIR_2C_ALN_THR_47.ome.tiff,20180618,RI516,ncxNPC,11,12,SIR,2C,ALN,THR,47,ATTO-565,Alexa-488,Mus musculus,10090,http://purl.obolibrary.org/obo/NCBITaxon_10090,UBERON,http://purl.obolibrary.org/obo/UBERON_0001950,UBERON_0001950,E14.5 neocortex ,chr18,54000000,54990180,990180,13453,13.587,A,BB82-FWD,/5Phos/GTATCGTGCAAGGGTGAATGC,SecX-BB278-REV,/SecX/GAGCAGTCACAGTCCAGAAGG,active,chr18,54995000,56335000,1340000,17829,13.306,B,BB81-FWD,/5Phos/ATCCTAGCCCATACGGCAATG,SecX-BB281-REV,/SecX/GGACATGGGTCAGGTAGGTTG,active
20180618_RI516_ncxNPC_11_12_SIR_2C_ALN_THR_31.ome.tiff,20180618,RI516,ncxNPC,11,12,SIR,2C,ALN,THR,31,ATTO-565,Alexa-488,Mus musculus,10090,http://purl.obolibrary.org/obo/NCBITaxon_10090,UBERON,http://purl.obolibrary.org/obo/UBERON_0001950,UBERON_0001950,E14.5 neocortex ,chr18,54000000,54990180,990180,13453,13.587,A,BB82-FWD,/5Phos/GTATCGTGCAAGGGTGAATGC,SecX-BB278-REV,/SecX/GAGCAGTCACAGTCCAGAAGG,active,chr18,54995000,56335000,1340000,17829,13.306,B,BB81-FWD,/5Phos/ATCCTAGCCCATACGGCAATG,SecX-BB281-REV,/SecX/GGACATGGGTCAGGTAGGTTG,active
20180809_RI516_ncxNPC_22_21_SIR_2C_ALN_THR_17.ome.tiff,20180809,RI516,ncxNPC,22,21,SIR,2C,ALN,THR,17,ATTO-565,Alexa-488,Mus musculus,10090,http://purl.obolibrary.org/obo/NCBITaxon_10090,UBERON,http://purl.obolibrary.org/obo/UBERON_0001950,UBERON_0001950,E14.5 neocortex ,chr8,43355000,44030000,675000,6124,9.074,D,BB293-FWD,/5Phos/CCGAGTCTAGCGTCTCCTCTG,SecX-BB294-REV,/SecX/AACAGAGCCAGCCTCTACCTG,repressed,chr8,42540000,43275000,735000,7664,10.428,C,BB287-FWD,/5Phos/CGCTCGGTCTCCGTTCGTCTC,SecX-BB288-REV,/SecX/GGGCTAGGTACAGGGTTCAGC,repressed
20180809_RI516_ncxNPC_22_21_SIR_2C_ALN_THR_10.ome.tiff,20180809,RI516,ncxNPC,22,21,SIR,2C,ALN,THR,10,ATTO-565,Alexa-488,Mus musculus,10090,http://purl.obolibrary.org/obo/NCBITaxon_10090,UBERON,http://purl.obolibrary.org/obo/UBERON_0001950,UBERON_0001950,E14.5 neocortex ,chr8,43355000,44030000,675000,6124,9.074,D,BB293-FWD,/5Phos/CCGAGTCTAGCGTCTCCTCTG,SecX-BB294-REV,/SecX/AACAGAGCCAGCCTCTACCTG,repressed,chr8,42540000,43275000,735000,7664,10.428,C,BB287-FWD,/5Phos/CGCTCGGTCTCCGTTCGTCTC,SecX-BB288-REV,/SecX/GGGCTAGGTACAGGGTTCAGC,repressed
20180618_RI516_ncxNPC_11_12_SIR_2C_ALN_THR_28.ome.tiff,20180618,RI516,ncxNPC,11,12,SIR,2C,ALN,THR,28,ATTO-565,Alexa-488,Mus musculus,10090,http://purl.obolibrary.org/obo/NCBITaxon_10090,UBERON,http://purl.obolibrary.org/obo/UBERON_0001950,UBERON_0001950,E14.5 neocortex ,chr18,54000000,54990180,990180,13453,13.587,A,BB82-FWD,/5Phos/GTATCGTGCAAGGGTGAATGC,SecX-BB278-REV,/SecX/GAGCAGTCACAGTCCAGAAGG,active,chr18,54995000,56335000,1340000,17829,13.306,B,BB81-FWD,/5Phos/ATCCTAGCCCATACGGCAATG,SecX-BB281-REV,/SecX/GGACATGGGTCAGGTAGGTTG,active
20180809_RI516_ncxNPC_22_21_SIR_2C_ALN_THR_22.ome.tiff,20180809,RI516,ncxNPC,22,21,SIR,2C,ALN,THR,22,ATTO-565,Alexa-488,Mus musculus,10090,http://purl.obolibrary.org/obo/NCBITaxon_10090,UBERON,http://purl.obolibrary.org/obo/UBERON_0001950,UBERON_0001950,E14.5 neocortex ,chr8,43355000,44030000,675000,6124,9.074,D,BB293-FWD,/5Phos/CCGAGTCTAGCGTCTCCTCTG,SecX-BB294-REV,/SecX/AACAGAGCCAGCCTCTACCTG,repressed,chr8,42540000,43275000,735000,7664,10.428,C,BB287-FWD,/5Phos/CGCTCGGTCTCCGTTCGTCTC,SecX-BB288-REV,/SecX/GGGCTAGGTACAGGGTTCAGC,repressed
20180809_RI516_ncxNPC_22_21_SIR_2C_ALN_THR_26.ome.tiff,20180809,RI516,ncxNPC,22,21,SIR,2C,ALN,THR,26,ATTO-565,Alexa-488,Mus musculus,10090,http://purl.obolibrary.org/obo/NCBITaxon_10090,UBERON,http://purl.obolibrary.org/obo/UBERON_0001950,UBERON_0001950,E14.5 neocortex ,chr8,43355000,44030000,675000,6124,9.074,D,BB293-FWD,/5Phos/CCGAGTCTAGCGTCTCCTCTG,SecX-BB294-REV,/SecX/AACAGAGCCAGCCTCTACCTG,repressed,chr8,42540000,43275000,735000,7664,10.428,C,BB287-FWD,/5Phos/CGCTCGGTCTCCGTTCGTCTC,SecX-BB288-REV,/SecX/GGGCTAGGTACAGGGTTCAGC,repressed
20180618_RI516_ncxNPC_11_12_SIR_2C_ALN_THR_6.ome.tiff,20180618,RI516,ncxNPC,11,12,SIR,2C,ALN,THR,6,ATTO-565,Alexa-488,Mus musculus,10090,http://purl.obolibrary.org/obo/NCBITaxon_10090,UBERON,http://purl.obolibrary.org/obo/UBERON_0001950,UBERON_0001950,E14.5 neocortex ,chr18,54000000,54990180,990180,13453,13.587,A,BB82-FWD,/5Phos/GTATCGTGCAAGGGTGAATGC,SecX-BB278-REV,/SecX/GAGCAGTCACAGTCCAGAAGG,active,chr18,54995000,56335000,1340000,17829,13.306,B,BB81-FWD,/5Phos/ATCCTAGCCCATACGGCAATG,SecX-BB281-REV,/SecX/GGACATGGGTCAGGTAGGTTG,active
20180618_RI516_ncxNPC_11_12_SIR_2C_ALN_THR_26.ome.tiff,20180618,RI516,ncxNPC,11,12,SIR,2C,ALN,THR,26,ATTO-565,Alexa-488,Mus musculus,10090,http://purl.obolibrary.org/obo/NCBITaxon_10090,UBERON,http://purl.obolibrary.org/obo/UBERON_0001950,UBERON_0001950,E14.5 neocortex ,chr18,54000000,54990180,990180,13453,13.587,A,BB82-FWD,/5Phos/GTATCGTGCAAGGGTGAATGC,SecX-BB278-REV,/SecX/GAGCAGTCACAGTCCAGAAGG,active,chr18,54995000,56335000,1340000,17829,13.306,B,BB81-FWD,/5Phos/ATCCTAGCCCATACGGCAATG,SecX-BB281-REV,/SecX/GGACATGGGTCAGGTAGGTTG,active
20180618_RI516_ncxNPC_11_12_SIR_2C_ALN_THR_43.ome.tiff,20180618,RI516,ncxNPC,11,12,SIR,2C,ALN,THR,43,ATTO-565,Alexa-488,Mus musculus,10090,http://purl.obolibrary.org/obo/NCBITaxon_10090,UBERON,http://purl.obolibrary.org/obo/UBERON_0001950,UBERON_0001950,E14.5 neocortex ,chr18,54000000,54990180,990180,13453,13.587,A,BB82-FWD,/5Phos/GTATCGTGCAAGGGTGAATGC,SecX-BB278-REV,/SecX/GAGCAGTCACAGTCCAGAAGG,active,chr18,54995000,56335000,1340000,17829,13.306,B,BB81-FWD,/5Phos/ATCCTAGCCCATACGGCAATG,SecX-BB281-REV,/SecX/GGACATGGGTCAGGTAGGTTG,active
20180618_RI516_ncxNPC_11_12_SIR_2C_ALN_THR_3.ome.tiff,20180618,RI516,ncxNPC,11,12,SIR,2C,ALN,THR,3,ATTO-565,Alexa-488,Mus musculus,10090,http://purl.obolibrary.org/obo/NCBITaxon_10090,UBERON,http://purl.obolibrary.org/obo/UBERON_0001950,UBERON_0001950,E14.5 neocortex ,chr18,54000000,54990180,990180,13453,13.587,A,BB82-FWD,/5Phos/GTATCGTGCAAGGGTGAATGC,SecX-BB278-REV,/SecX/GAGCAGTCACAGTCCAGAAGG,active,chr18,54995000,56335000,1340000,17829,13.306,B,BB81-FWD,/5Phos/ATCCTAGCCCATACGGCAATG,SecX-BB281-REV,/SecX/GGACATGGGTCAGGTAGGTTG,active
20180618_RI516_ncxNPC_11_12_SIR_2C_ALN_THR_2.ome.tiff,20180618,RI516,ncxNPC,11,12,SIR,2C,ALN,THR,2,ATTO-565,Alexa-488,Mus musculus,10090,http://purl.obolibrary.org/obo/NCBITaxon_10090,UBERON,http://purl.obolibrary.org/obo/UBERON_0001950,UBERON_0001950,E14.5 neocortex ,chr18,54000000,54990180,990180,13453,13.587,A,BB82-FWD,/5Phos/GTATCGTGCAAGGGTGAATGC,SecX-BB278-REV,/SecX/GAGCAGTCACAGTCCAGAAGG,active,chr18,54995000,56335000,1340000,17829,13.306,B,BB81-FWD,/5Phos/ATCCTAGCCCATACGGCAATG,SecX-BB281-REV,/SecX/GGACATGGGTCAGGTAGGTTG,active
20180809_RI516_ncxNPC_22_21_SIR_2C_ALN_THR_7.ome.tiff,20180809,RI516,ncxNPC,22,21,SIR,2C,ALN,THR,7,ATTO-565,Alexa-488,Mus musculus,10090,http://purl.obolibrary.org/obo/NCBITaxon_10090,UBERON,http://purl.obolibrary.org/obo/UBERON_0001950,UBERON_0001950,E14.5 neocortex ,chr8,43355000,44030000,675000,6124,9.074,D,BB293-FWD,/5Phos/CCGAGTCTAGCGTCTCCTCTG,SecX-BB294-REV,/SecX/AACAGAGCCAGCCTCTACCTG,repressed,chr8,42540000,43275000,735000,7664,10.428,C,BB287-FWD,/5Phos/CGCTCGGTCTCCGTTCGTCTC,SecX-BB288-REV,/SecX/GGGCTAGGTACAGGGTTCAGC,repressed
20180618_RI516_ncxNPC_11_12_SIR_2C_ALN_THR_27.ome.tiff,20180618,RI516,ncxNPC,11,12,SIR,2C,ALN,THR,27,ATTO-565,Alexa-488,Mus musculus,10090,http://purl.obolibrary.org/obo/NCBITaxon_10090,UBERON,http://purl.obolibrary.org/obo/UBERON_0001950,UBERON_0001950,E14.5 neocortex ,chr18,54000000,54990180,990180,13453,13.587,A,BB82-FWD,/5Phos/GTATCGTGCAAGGGTGAATGC,SecX-BB278-REV,/SecX/GAGCAGTCACAGTCCAGAAGG,active,chr18,54995000,56335000,1340000,17829,13.306,B,BB81-FWD,/5Phos/ATCCTAGCCCATACGGCAATG,SecX-BB281-REV,/SecX/GGACATGGGTCAGGTAGGTTG,active
20180618_RI516_ncxNPC_11_12_SIR_2C_ALN_THR_11.ome.tiff,20180618,RI516,ncxNPC,11,12,SIR,2C,ALN,THR,11,ATTO-565,Alexa-488,Mus musculus,10090,http://purl.obolibrary.org/obo/NCBITaxon_10090,UBERON,http://purl.obolibrary.org/obo/UBERON_0001950,UBERON_0001950,E14.5 neocortex ,chr18,54000000,54990180,990180,13453,13.587,A,BB82-FWD,/5Phos/GTATCGTGCAAGGGTGAATGC,SecX-BB278-REV,/SecX/GAGCAGTCACAGTCCAGAAGG,active,chr18,54995000,56335000,1340000,17829,13.306,B,BB81-FWD,/5Phos/ATCCTAGCCCATACGGCAATG,SecX-BB281-REV,/SecX/GGACATGGGTCAGGTAGGTTG,active
20180809_RI516_ncxNPC_22_21_SIR_2C_ALN_THR_16.ome.tiff,20180809,RI516,ncxNPC,22,21,SIR,2C,ALN,THR,16,ATTO-565,Alexa-488,Mus musculus,10090,http://purl.obolibrary.org/obo/NCBITaxon_10090,UBERON,http://purl.obolibrary.org/obo/UBERON_0001950,UBERON_0001950,E14.5 neocortex ,chr8,43355000,44030000,675000,6124,9.074,D,BB293-FWD,/5Phos/CCGAGTCTAGCGTCTCCTCTG,SecX-BB294-REV,/SecX/AACAGAGCCAGCCTCTACCTG,repressed,chr8,42540000,43275000,735000,7664,10.428,C,BB287-FWD,/5Phos/CGCTCGGTCTCCGTTCGTCTC,SecX-BB288-REV,/SecX/GGGCTAGGTACAGGGTTCAGC,repressed
20180809_RI516_ncxNPC_22_21_SIR_2C_ALN_THR_24.ome.tiff,20180809,RI516,ncxNPC,22,21,SIR,2C,ALN,THR,24,ATTO-565,Alexa-488,Mus musculus,10090,http://purl.obolibrary.org/obo/NCBITaxon_10090,UBERON,http://purl.obolibrary.org/obo/UBERON_0001950,UBERON_0001950,E14.5 neocortex ,chr8,43355000,44030000,675000,6124,9.074,D,BB293-FWD,/5Phos/CCGAGTCTAGCGTCTCCTCTG,SecX-BB294-REV,/SecX/AACAGAGCCAGCCTCTACCTG,repressed,chr8,42540000,43275000,735000,7664,10.428,C,BB287-FWD,/5Phos/CGCTCGGTCTCCGTTCGTCTC,SecX-BB288-REV,/SecX/GGGCTAGGTACAGGGTTCAGC,repressed
20180809_RI516_ncxNPC_22_21_SIR_2C_ALN_THR_27.ome.tiff,20180809,RI516,ncxNPC,22,21,SIR,2C,ALN,THR,27,ATTO-565,Alexa-488,Mus musculus,10090,http://purl.obolibrary.org/obo/NCBITaxon_10090,UBERON,http://purl.obolibrary.org/obo/UBERON_0001950,UBERON_0001950,E14.5 neocortex ,chr8,43355000,44030000,675000,6124,9.074,D,BB293-FWD,/5Phos/CCGAGTCTAGCGTCTCCTCTG,SecX-BB294-REV,/SecX/AACAGAGCCAGCCTCTACCTG,repressed,chr8,42540000,43275000,735000,7664,10.428,C,BB287-FWD,/5Phos/CGCTCGGTCTCCGTTCGTCTC,SecX-BB288-REV,/SecX/GGGCTAGGTACAGGGTTCAGC,repressed
20180809_RI516_ncxNPC_22_21_SIR_2C_ALN_THR_15.ome.tiff,20180809,RI516,ncxNPC,22,21,SIR,2C,ALN,THR,15,ATTO-565,Alexa-488,Mus musculus,10090,http://purl.obolibrary.org/obo/NCBITaxon_10090,UBERON,http://purl.obolibrary.org/obo/UBERON_0001950,UBERON_0001950,E14.5 neocortex ,chr8,43355000,44030000,675000,6124,9.074,D,BB293-FWD,/5Phos/CCGAGTCTAGCGTCTCCTCTG,SecX-BB294-REV,/SecX/AACAGAGCCAGCCTCTACCTG,repressed,chr8,42540000,43275000,735000,7664,10.428,C,BB287-FWD,/5Phos/CGCTCGGTCTCCGTTCGTCTC,SecX-BB288-REV,/SecX/GGGCTAGGTACAGGGTTCAGC,repressed
20180618_RI516_ncxNPC_11_12_SIR_2C_ALN_THR_36.ome.tiff,20180618,RI516,ncxNPC,11,12,SIR,2C,ALN,THR,36,ATTO-565,Alexa-488,Mus musculus,10090,http://purl.obolibrary.org/obo/NCBITaxon_10090,UBERON,http://purl.obolibrary.org/obo/UBERON_0001950,UBERON_0001950,E14.5 neocortex ,chr18,54000000,54990180,990180,13453,13.587,A,BB82-FWD,/5Phos/GTATCGTGCAAGGGTGAATGC,SecX-BB278-REV,/SecX/GAGCAGTCACAGTCCAGAAGG,active,chr18,54995000,56335000,1340000,17829,13.306,B,BB81-FWD,/5Phos/ATCCTAGCCCATACGGCAATG,SecX-BB281-REV,/SecX/GGACATGGGTCAGGTAGGTTG,active
20180618_RI516_ncxNPC_11_12_SIR_2C_ALN_THR_40.ome.tiff,20180618,RI516,ncxNPC,11,12,SIR,2C,ALN,THR,40,ATTO-565,Alexa-488,Mus musculus,10090,http://purl.obolibrary.org/obo/NCBITaxon_10090,UBERON,http://purl.obolibrary.org/obo/UBERON_0001950,UBERON_0001950,E14.5 neocortex ,chr18,54000000,54990180,990180,13453,13.587,A,BB82-FWD,/5Phos/GTATCGTGCAAGGGTGAATGC,SecX-BB278-REV,/SecX/GAGCAGTCACAGTCCAGAAGG,active,chr18,54995000,56335000,1340000,17829,13.306,B,BB81-FWD,/5Phos/ATCCTAGCCCATACGGCAATG,SecX-BB281-REV,/SecX/GGACATGGGTCAGGTAGGTTG,active
20180618_RI516_ncxNPC_11_12_SIR_2C_ALN_THR_21.ome.tiff,20180618,RI516,ncxNPC,11,12,SIR,2C,ALN,THR,21,ATTO-565,Alexa-488,Mus musculus,10090,http://purl.obolibrary.org/obo/NCBITaxon_10090,UBERON,http://purl.obolibrary.org/obo/UBERON_0001950,UBERON_0001950,E14.5 neocortex ,chr18,54000000,54990180,990180,13453,13.587,A,BB82-FWD,/5Phos/GTATCGTGCAAGGGTGAATGC,SecX-BB278-REV,/SecX/GAGCAGTCACAGTCCAGAAGG,active,chr18,54995000,56335000,1340000,17829,13.306,B,BB81-FWD,/5Phos/ATCCTAGCCCATACGGCAATG,SecX-BB281-REV,/SecX/GGACATGGGTCAGGTAGGTTG,active
20180618_RI516_ncxNPC_11_12_SIR_2C_ALN_THR_29.ome.tiff,20180618,RI516,ncxNPC,11,12,SIR,2C,ALN,THR,29,ATTO-565,Alexa-488,Mus musculus,10090,http://purl.obolibrary.org/obo/NCBITaxon_10090,UBERON,http://purl.obolibrary.org/obo/UBERON_0001950,UBERON_0001950,E14.5 neocortex ,chr18,54000000,54990180,990180,13453,13.587,A,BB82-FWD,/5Phos/GTATCGTGCAAGGGTGAATGC,SecX-BB278-REV,/SecX/GAGCAGTCACAGTCCAGAAGG,active,chr18,54995000,56335000,1340000,17829,13.306,B,BB81-FWD,/5Phos/ATCCTAGCCCATACGGCAATG,SecX-BB281-REV,/SecX/GGACATGGGTCAGGTAGGTTG,active
20180618_RI516_ncxNPC_11_12_SIR_2C_ALN_THR_45.ome.tiff,20180618,RI516,ncxNPC,11,12,SIR,2C,ALN,THR,45,ATTO-565,Alexa-488,Mus musculus,10090,http://purl.obolibrary.org/obo/NCBITaxon_10090,UBERON,http://purl.obolibrary.org/obo/UBERON_0001950,UBERON_0001950,E14.5 neocortex ,chr18,54000000,54990180,990180,13453,13.587,A,BB82-FWD,/5Phos/GTATCGTGCAAGGGTGAATGC,SecX-BB278-REV,/SecX/GAGCAGTCACAGTCCAGAAGG,active,chr18,54995000,56335000,1340000,17829,13.306,B,BB81-FWD,/5Phos/ATCCTAGCCCATACGGCAATG,SecX-BB281-REV,/SecX/GGACATGGGTCAGGTAGGTTG,active
20180809_RI516_ncxNPC_22_21_SIR_2C_ALN_THR_6.ome.tiff,20180809,RI516,ncxNPC,22,21,SIR,2C,ALN,THR,6,ATTO-565,Alexa-488,Mus musculus,10090,http://purl.obolibrary.org/obo/NCBITaxon_10090,UBERON,http://purl.obolibrary.org/obo/UBERON_0001950,UBERON_0001950,E14.5 neocortex ,chr8,43355000,44030000,675000,6124,9.074,D,BB293-FWD,/5Phos/CCGAGTCTAGCGTCTCCTCTG,SecX-BB294-REV,/SecX/AACAGAGCCAGCCTCTACCTG,repressed,chr8,42540000,43275000,735000,7664,10.428,C,BB287-FWD,/5Phos/CGCTCGGTCTCCGTTCGTCTC,SecX-BB288-REV,/SecX/GGGCTAGGTACAGGGTTCAGC,repressed
20180618_RI516_ncxNPC_11_12_SIR_2C_ALN_THR_37.ome.tiff,20180618,RI516,ncxNPC,11,12,SIR,2C,ALN,THR,37,ATTO-565,Alexa-488,Mus musculus,10090,http://purl.obolibrary.org/obo/NCBITaxon_10090,UBERON,http://purl.obolibrary.org/obo/UBERON_0001950,UBERON_0001950,E14.5 neocortex ,chr18,54000000,54990180,990180,13453,13.587,A,BB82-FWD,/5Phos/GTATCGTGCAAGGGTGAATGC,SecX-BB278-REV,/SecX/GAGCAGTCACAGTCCAGAAGG,active,chr18,54995000,56335000,1340000,17829,13.306,B,BB81-FWD,/5Phos/ATCCTAGCCCATACGGCAATG,SecX-BB281-REV,/SecX/GGACATGGGTCAGGTAGGTTG,active
20180618_RI516_ncxNPC_11_12_SIR_2C_ALN_THR_42.ome.tiff,20180618,RI516,ncxNPC,11,12,SIR,2C,ALN,THR,42,ATTO-565,Alexa-488,Mus musculus,10090,http://purl.obolibrary.org/obo/NCBITaxon_10090,UBERON,http://purl.obolibrary.org/obo/UBERON_0001950,UBERON_0001950,E14.5 neocortex ,chr18,54000000,54990180,990180,13453,13.587,A,BB82-FWD,/5Phos/GTATCGTGCAAGGGTGAATGC,SecX-BB278-REV,/SecX/GAGCAGTCACAGTCCAGAAGG,active,chr18,54995000,56335000,1340000,17829,13.306,B,BB81-FWD,/5Phos/ATCCTAGCCCATACGGCAATG,SecX-BB281-REV,/SecX/GGACATGGGTCAGGTAGGTTG,active
20180809_RI516_ncxNPC_22_21_SIR_2C_ALN_THR_9.ome.tiff,20180809,RI516,ncxNPC,22,21,SIR,2C,ALN,THR,9,ATTO-565,Alexa-488,Mus musculus,10090,http://purl.obolibrary.org/obo/NCBITaxon_10090,UBERON,http://purl.obolibrary.org/obo/UBERON_0001950,UBERON_0001950,E14.5 neocortex ,chr8,43355000,44030000,675000,6124,9.074,D,BB293-FWD,/5Phos/CCGAGTCTAGCGTCTCCTCTG,SecX-BB294-REV,/SecX/AACAGAGCCAGCCTCTACCTG,repressed,chr8,42540000,43275000,735000,7664,10.428,C,BB287-FWD,/5Phos/CGCTCGGTCTCCGTTCGTCTC,SecX-BB288-REV,/SecX/GGGCTAGGTACAGGGTTCAGC,repressed
20180618_RI516_ncxNPC_11_12_SIR_2C_ALN_THR_13.ome.tiff,20180618,RI516,ncxNPC,11,12,SIR,2C,ALN,THR,13,ATTO-565,Alexa-488,Mus musculus,10090,http://purl.obolibrary.org/obo/NCBITaxon_10090,UBERON,http://purl.obolibrary.org/obo/UBERON_0001950,UBERON_0001950,E14.5 neocortex ,chr18,54000000,54990180,990180,13453,13.587,A,BB82-FWD,/5Phos/GTATCGTGCAAGGGTGAATGC,SecX-BB278-REV,/SecX/GAGCAGTCACAGTCCAGAAGG,active,chr18,54995000,56335000,1340000,17829,13.306,B,BB81-FWD,/5Phos/ATCCTAGCCCATACGGCAATG,SecX-BB281-REV,/SecX/GGACATGGGTCAGGTAGGTTG,active
20180618_RI516_ncxNPC_11_12_SIR_2C_ALN_THR_33.ome.tiff,20180618,RI516,ncxNPC,11,12,SIR,2C,ALN,THR,33,ATTO-565,Alexa-488,Mus musculus,10090,http://purl.obolibrary.org/obo/NCBITaxon_10090,UBERON,http://purl.obolibrary.org/obo/UBERON_0001950,UBERON_0001950,E14.5 neocortex ,chr18,54000000,54990180,990180,13453,13.587,A,BB82-FWD,/5Phos/GTATCGTGCAAGGGTGAATGC,SecX-BB278-REV,/SecX/GAGCAGTCACAGTCCAGAAGG,active,chr18,54995000,56335000,1340000,17829,13.306,B,BB81-FWD,/5Phos/ATCCTAGCCCATACGGCAATG,SecX-BB281-REV,/SecX/GGACATGGGTCAGGTAGGTTG,active
20180809_RI516_ncxNPC_22_21_SIR_2C_ALN_THR_30.ome.tiff,20180809,RI516,ncxNPC,22,21,SIR,2C,ALN,THR,30,ATTO-565,Alexa-488,Mus musculus,10090,http://purl.obolibrary.org/obo/NCBITaxon_10090,UBERON,http://purl.obolibrary.org/obo/UBERON_0001950,UBERON_0001950,E14.5 neocortex ,chr8,43355000,44030000,675000,6124,9.074,D,BB293-FWD,/5Phos/CCGAGTCTAGCGTCTCCTCTG,SecX-BB294-REV,/SecX/AACAGAGCCAGCCTCTACCTG,repressed,chr8,42540000,43275000,735000,7664,10.428,C,BB287-FWD,/5Phos/CGCTCGGTCTCCGTTCGTCTC,SecX-BB288-REV,/SecX/GGGCTAGGTACAGGGTTCAGC,repressed
20180809_RI516_ncxNPC_22_21_SIR_2C_ALN_THR_20.ome.tiff,20180809,RI516,ncxNPC,22,21,SIR,2C,ALN,THR,20,ATTO-565,Alexa-488,Mus musculus,10090,http://purl.obolibrary.org/obo/NCBITaxon_10090,UBERON,http://purl.obolibrary.org/obo/UBERON_0001950,UBERON_0001950,E14.5 neocortex ,chr8,43355000,44030000,675000,6124,9.074,D,BB293-FWD,/5Phos/CCGAGTCTAGCGTCTCCTCTG,SecX-BB294-REV,/SecX/AACAGAGCCAGCCTCTACCTG,repressed,chr8,42540000,43275000,735000,7664,10.428,C,BB287-FWD,/5Phos/CGCTCGGTCTCCGTTCGTCTC,SecX-BB288-REV,/SecX/GGGCTAGGTACAGGGTTCAGC,repressed
20180618_RI516_ncxNPC_11_12_SIR_2C_ALN_THR_14.ome.tiff,20180618,RI516,ncxNPC,11,12,SIR,2C,ALN,THR,14,ATTO-565,Alexa-488,Mus musculus,10090,http://purl.obolibrary.org/obo/NCBITaxon_10090,UBERON,http://purl.obolibrary.org/obo/UBERON_0001950,UBERON_0001950,E14.5 neocortex ,chr18,54000000,54990180,990180,13453,13.587,A,BB82-FWD,/5Phos/GTATCGTGCAAGGGTGAATGC,SecX-BB278-REV,/SecX/GAGCAGTCACAGTCCAGAAGG,active,chr18,54995000,56335000,1340000,17829,13.306,B,BB81-FWD,/5Phos/ATCCTAGCCCATACGGCAATG,SecX-BB281-REV,/SecX/GGACATGGGTCAGGTAGGTTG,active
20180618_RI516_ncxNPC_11_12_SIR_2C_ALN_THR_16.ome.tiff,20180618,RI516,ncxNPC,11,12,SIR,2C,ALN,THR,16,ATTO-565,Alexa-488,Mus musculus,10090,http://purl.obolibrary.org/obo/NCBITaxon_10090,UBERON,http://purl.obolibrary.org/obo/UBERON_0001950,UBERON_0001950,E14.5 neocortex ,chr18,54000000,54990180,990180,13453,13.587,A,BB82-FWD,/5Phos/GTATCGTGCAAGGGTGAATGC,SecX-BB278-REV,/SecX/GAGCAGTCACAGTCCAGAAGG,active,chr18,54995000,56335000,1340000,17829,13.306,B,BB81-FWD,/5Phos/ATCCTAGCCCATACGGCAATG,SecX-BB281-REV,/SecX/GGACATGGGTCAGGTAGGTTG,active
20180618_RI516_ncxNPC_11_12_SIR_2C_ALN_THR_34.ome.tiff,20180618,RI516,ncxNPC,11,12,SIR,2C,ALN,THR,34,ATTO-565,Alexa-488,Mus musculus,10090,http://purl.obolibrary.org/obo/NCBITaxon_10090,UBERON,http://purl.obolibrary.org/obo/UBERON_0001950,UBERON_0001950,E14.5 neocortex ,chr18,54000000,54990180,990180,13453,13.587,A,BB82-FWD,/5Phos/GTATCGTGCAAGGGTGAATGC,SecX-BB278-REV,/SecX/GAGCAGTCACAGTCCAGAAGG,active,chr18,54995000,56335000,1340000,17829,13.306,B,BB81-FWD,/5Phos/ATCCTAGCCCATACGGCAATG,SecX-BB281-REV,/SecX/GGACATGGGTCAGGTAGGTTG,active
20180618_RI516_ncxNPC_11_12_SIR_2C_ALN_THR_39.ome.tiff,20180618,RI516,ncxNPC,11,12,SIR,2C,ALN,THR,39,ATTO-565,Alexa-488,Mus musculus,10090,http://purl.obolibrary.org/obo/NCBITaxon_10090,UBERON,http://purl.obolibrary.org/obo/UBERON_0001950,UBERON_0001950,E14.5 neocortex ,chr18,54000000,54990180,990180,13453,13.587,A,BB82-FWD,/5Phos/GTATCGTGCAAGGGTGAATGC,SecX-BB278-REV,/SecX/GAGCAGTCACAGTCCAGAAGG,active,chr18,54995000,56335000,1340000,17829,13.306,B,BB81-FWD,/5Phos/ATCCTAGCCCATACGGCAATG,SecX-BB281-REV,/SecX/GGACATGGGTCAGGTAGGTTG,active
20180809_RI516_ncxNPC_22_21_SIR_2C_ALN_THR_11.ome.tiff,20180809,RI516,ncxNPC,22,21,SIR,2C,ALN,THR,11,ATTO-565,Alexa-488,Mus musculus,10090,http://purl.obolibrary.org/obo/NCBITaxon_10090,UBERON,http://purl.obolibrary.org/obo/UBERON_0001950,UBERON_0001950,E14.5 neocortex ,chr8,43355000,44030000,675000,6124,9.074,D,BB293-FWD,/5Phos/CCGAGTCTAGCGTCTCCTCTG,SecX-BB294-REV,/SecX/AACAGAGCCAGCCTCTACCTG,repressed,chr8,42540000,43275000,735000,7664,10.428,C,BB287-FWD,/5Phos/CGCTCGGTCTCCGTTCGTCTC,SecX-BB288-REV,/SecX/GGGCTAGGTACAGGGTTCAGC,repressed
20180618_RI516_ncxNPC_11_12_SIR_2C_ALN_THR_49.ome.tiff,20180618,RI516,ncxNPC,11,12,SIR,2C,ALN,THR,49,ATTO-565,Alexa-488,Mus musculus,10090,http://purl.obolibrary.org/obo/NCBITaxon_10090,UBERON,http://purl.obolibrary.org/obo/UBERON_0001950,UBERON_0001950,E14.5 neocortex ,chr18,54000000,54990180,990180,13453,13.587,A,BB82-FWD,/5Phos/GTATCGTGCAAGGGTGAATGC,SecX-BB278-REV,/SecX/GAGCAGTCACAGTCCAGAAGG,active,chr18,54995000,56335000,1340000,17829,13.306,B,BB81-FWD,/5Phos/ATCCTAGCCCATACGGCAATG,SecX-BB281-REV,/SecX/GGACATGGGTCAGGTAGGTTG,active
20180618_RI516_ncxNPC_11_12_SIR_2C_ALN_THR_7.ome.tiff,20180618,RI516,ncxNPC,11,12,SIR,2C,ALN,THR,7,ATTO-565,Alexa-488,Mus musculus,10090,http://purl.obolibrary.org/obo/NCBITaxon_10090,UBERON,http://purl.obolibrary.org/obo/UBERON_0001950,UBERON_0001950,E14.5 neocortex ,chr18,54000000,54990180,990180,13453,13.587,A,BB82-FWD,/5Phos/GTATCGTGCAAGGGTGAATGC,SecX-BB278-REV,/SecX/GAGCAGTCACAGTCCAGAAGG,active,chr18,54995000,56335000,1340000,17829,13.306,B,BB81-FWD,/5Phos/ATCCTAGCCCATACGGCAATG,SecX-BB281-REV,/SecX/GGACATGGGTCAGGTAGGTTG,active
20180809_RI516_ncxNPC_22_21_SIR_2C_ALN_THR_21.ome.tiff,20180809,RI516,ncxNPC,22,21,SIR,2C,ALN,THR,21,ATTO-565,Alexa-488,Mus musculus,10090,http://purl.obolibrary.org/obo/NCBITaxon_10090,UBERON,http://purl.obolibrary.org/obo/UBERON_0001950,UBERON_0001950,E14.5 neocortex ,chr8,43355000,44030000,675000,6124,9.074,D,BB293-FWD,/5Phos/CCGAGTCTAGCGTCTCCTCTG,SecX-BB294-REV,/SecX/AACAGAGCCAGCCTCTACCTG,repressed,chr8,42540000,43275000,735000,7664,10.428,C,BB287-FWD,/5Phos/CGCTCGGTCTCCGTTCGTCTC,SecX-BB288-REV,/SecX/GGGCTAGGTACAGGGTTCAGC,repressed
20180618_RI516_ncxNPC_11_12_SIR_2C_ALN_THR_8.ome.tiff,20180618,RI516,ncxNPC,11,12,SIR,2C,ALN,THR,8,ATTO-565,Alexa-488,Mus musculus,10090,http://purl.obolibrary.org/obo/NCBITaxon_10090,UBERON,http://purl.obolibrary.org/obo/UBERON_0001950,UBERON_0001950,E14.5 neocortex ,chr18,54000000,54990180,990180,13453,13.587,A,BB82-FWD,/5Phos/GTATCGTGCAAGGGTGAATGC,SecX-BB278-REV,/SecX/GAGCAGTCACAGTCCAGAAGG,active,chr18,54995000,56335000,1340000,17829,13.306,B,BB81-FWD,/5Phos/ATCCTAGCCCATACGGCAATG,SecX-BB281-REV,/SecX/GGACATGGGTCAGGTAGGTTG,active
20180809_RI516_ncxNPC_22_21_SIR_2C_ALN_THR_23.ome.tiff,20180809,RI516,ncxNPC,22,21,SIR,2C,ALN,THR,23,ATTO-565,Alexa-488,Mus musculus,10090,http://purl.obolibrary.org/obo/NCBITaxon_10090,UBERON,http://purl.obolibrary.org/obo/UBERON_0001950,UBERON_0001950,E14.5 neocortex ,chr8,43355000,44030000,675000,6124,9.074,D,BB293-FWD,/5Phos/CCGAGTCTAGCGTCTCCTCTG,SecX-BB294-REV,/SecX/AACAGAGCCAGCCTCTACCTG,repressed,chr8,42540000,43275000,735000,7664,10.428,C,BB287-FWD,/5Phos/CGCTCGGTCTCCGTTCGTCTC,SecX-BB288-REV,/SecX/GGGCTAGGTACAGGGTTCAGC,repressed
20180618_RI516_ncxNPC_11_12_SIR_2C_ALN_THR_10.ome.tiff,20180618,RI516,ncxNPC,11,12,SIR,2C,ALN,THR,10,ATTO-565,Alexa-488,Mus musculus,10090,http://purl.obolibrary.org/obo/NCBITaxon_10090,UBERON,http://purl.obolibrary.org/obo/UBERON_0001950,UBERON_0001950,E14.5 neocortex ,chr18,54000000,54990180,990180,13453,13.587,A,BB82-FWD,/5Phos/GTATCGTGCAAGGGTGAATGC,SecX-BB278-REV,/SecX/GAGCAGTCACAGTCCAGAAGG,active,chr18,54995000,56335000,1340000,17829,13.306,B,BB81-FWD,/5Phos/ATCCTAGCCCATACGGCAATG,SecX-BB281-REV,/SecX/GGACATGGGTCAGGTAGGTTG,active
20180618_RI516_ncxNPC_11_12_SIR_2C_ALN_THR_19.ome.tiff,20180618,RI516,ncxNPC,11,12,SIR,2C,ALN,THR,19,ATTO-565,Alexa-488,Mus musculus,10090,http://purl.obolibrary.org/obo/NCBITaxon_10090,UBERON,http://purl.obolibrary.org/obo/UBERON_0001950,UBERON_0001950,E14.5 neocortex ,chr18,54000000,54990180,990180,13453,13.587,A,BB82-FWD,/5Phos/GTATCGTGCAAGGGTGAATGC,SecX-BB278-REV,/SecX/GAGCAGTCACAGTCCAGAAGG,active,chr18,54995000,56335000,1340000,17829,13.306,B,BB81-FWD,/5Phos/ATCCTAGCCCATACGGCAATG,SecX-BB281-REV,/SecX/GGACATGGGTCAGGTAGGTTG,active
20180809_RI516_ncxNPC_22_21_SIR_2C_ALN_THR_2.ome.tiff,20180809,RI516,ncxNPC,22,21,SIR,2C,ALN,THR,2,ATTO-565,Alexa-488,Mus musculus,10090,http://purl.obolibrary.org/obo/NCBITaxon_10090,UBERON,http://purl.obolibrary.org/obo/UBERON_0001950,UBERON_0001950,E14.5 neocortex ,chr8,43355000,44030000,675000,6124,9.074,D,BB293-FWD,/5Phos/CCGAGTCTAGCGTCTCCTCTG,SecX-BB294-REV,/SecX/AACAGAGCCAGCCTCTACCTG,repressed,chr8,42540000,43275000,735000,7664,10.428,C,BB287-FWD,/5Phos/CGCTCGGTCTCCGTTCGTCTC,SecX-BB288-REV,/SecX/GGGCTAGGTACAGGGTTCAGC,repressed
20180618_RI516_ncxNPC_11_12_SIR_2C_ALN_THR_23.ome.tiff,20180618,RI516,ncxNPC,11,12,SIR,2C,ALN,THR,23,ATTO-565,Alexa-488,Mus musculus,10090,http://purl.obolibrary.org/obo/NCBITaxon_10090,UBERON,http://purl.obolibrary.org/obo/UBERON_0001950,UBERON_0001950,E14.5 neocortex ,chr18,54000000,54990180,990180,13453,13.587,A,BB82-FWD,/5Phos/GTATCGTGCAAGGGTGAATGC,SecX-BB278-REV,/SecX/GAGCAGTCACAGTCCAGAAGG,active,chr18,54995000,56335000,1340000,17829,13.306,B,BB81-FWD,/5Phos/ATCCTAGCCCATACGGCAATG,SecX-BB281-REV,/SecX/GGACATGGGTCAGGTAGGTTG,active
20180618_RI516_ncxNPC_11_12_SIR_2C_ALN_THR_46.ome.tiff,20180618,RI516,ncxNPC,11,12,SIR,2C,ALN,THR,46,ATTO-565,Alexa-488,Mus musculus,10090,http://purl.obolibrary.org/obo/NCBITaxon_10090,UBERON,http://purl.obolibrary.org/obo/UBERON_0001950,UBERON_0001950,E14.5 neocortex ,chr18,54000000,54990180,990180,13453,13.587,A,BB82-FWD,/5Phos/GTATCGTGCAAGGGTGAATGC,SecX-BB278-REV,/SecX/GAGCAGTCACAGTCCAGAAGG,active,chr18,54995000,56335000,1340000,17829,13.306,B,BB81-FWD,/5Phos/ATCCTAGCCCATACGGCAATG,SecX-BB281-REV,/SecX/GGACATGGGTCAGGTAGGTTG,active
20180809_RI516_ncxNPC_22_21_SIR_2C_ALN_THR_14.ome.tiff,20180809,RI516,ncxNPC,22,21,SIR,2C,ALN,THR,14,ATTO-565,Alexa-488,Mus musculus,10090,http://purl.obolibrary.org/obo/NCBITaxon_10090,UBERON,http://purl.obolibrary.org/obo/UBERON_0001950,UBERON_0001950,E14.5 neocortex ,chr8,43355000,44030000,675000,6124,9.074,D,BB293-FWD,/5Phos/CCGAGTCTAGCGTCTCCTCTG,SecX-BB294-REV,/SecX/AACAGAGCCAGCCTCTACCTG,repressed,chr8,42540000,43275000,735000,7664,10.428,C,BB287-FWD,/5Phos/CGCTCGGTCTCCGTTCGTCTC,SecX-BB288-REV,/SecX/GGGCTAGGTACAGGGTTCAGC,repressed
20180618_RI516_ncxNPC_11_12_SIR_2C_ALN_THR_12.ome.tiff,20180618,RI516,ncxNPC,11,12,SIR,2C,ALN,THR,12,ATTO-565,Alexa-488,Mus musculus,10090,http://purl.obolibrary.org/obo/NCBITaxon_10090,UBERON,http://purl.obolibrary.org/obo/UBERON_0001950,UBERON_0001950,E14.5 neocortex ,chr18,54000000,54990180,990180,13453,13.587,A,BB82-FWD,/5Phos/GTATCGTGCAAGGGTGAATGC,SecX-BB278-REV,/SecX/GAGCAGTCACAGTCCAGAAGG,active,chr18,54995000,56335000,1340000,17829,13.306,B,BB81-FWD,/5Phos/ATCCTAGCCCATACGGCAATG,SecX-BB281-REV,/SecX/GGACATGGGTCAGGTAGGTTG,active
20180618_RI516_ncxNPC_11_12_SIR_2C_ALN_THR_22.ome.tiff,20180618,RI516,ncxNPC,11,12,SIR,2C,ALN,THR,22,ATTO-565,Alexa-488,Mus musculus,10090,http://purl.obolibrary.org/obo/NCBITaxon_10090,UBERON,http://purl.obolibrary.org/obo/UBERON_0001950,UBERON_0001950,E14.5 neocortex ,chr18,54000000,54990180,990180,13453,13.587,A,BB82-FWD,/5Phos/GTATCGTGCAAGGGTGAATGC,SecX-BB278-REV,/SecX/GAGCAGTCACAGTCCAGAAGG,active,chr18,54995000,56335000,1340000,17829,13.306,B,BB81-FWD,/5Phos/ATCCTAGCCCATACGGCAATG,SecX-BB281-REV,/SecX/GGACATGGGTCAGGTAGGTTG,active
20180809_RI516_ncxNPC_22_21_SIR_2C_ALN_THR_25.ome.tiff,20180809,RI516,ncxNPC,22,21,SIR,2C,ALN,THR,25,ATTO-565,Alexa-488,Mus musculus,10090,http://purl.obolibrary.org/obo/NCBITaxon_10090,UBERON,http://purl.obolibrary.org/obo/UBERON_0001950,UBERON_0001950,E14.5 neocortex ,chr8,43355000,44030000,675000,6124,9.074,D,BB293-FWD,/5Phos/CCGAGTCTAGCGTCTCCTCTG,SecX-BB294-REV,/SecX/AACAGAGCCAGCCTCTACCTG,repressed,chr8,42540000,43275000,735000,7664,10.428,C,BB287-FWD,/5Phos/CGCTCGGTCTCCGTTCGTCTC,SecX-BB288-REV,/SecX/GGGCTAGGTACAGGGTTCAGC,repressed
20180618_RI516_ncxNPC_11_12_SIR_2C_ALN_THR_1.ome.tiff,20180618,RI516,ncxNPC,11,12,SIR,2C,ALN,THR,1,ATTO-565,Alexa-488,Mus musculus,10090,http://purl.obolibrary.org/obo/NCBITaxon_10090,UBERON,http://purl.obolibrary.org/obo/UBERON_0001950,UBERON_0001950,E14.5 neocortex ,chr18,54000000,54990180,990180,13453,13.587,A,BB82-FWD,/5Phos/GTATCGTGCAAGGGTGAATGC,SecX-BB278-REV,/SecX/GAGCAGTCACAGTCCAGAAGG,active,chr18,54995000,56335000,1340000,17829,13.306,B,BB81-FWD,/5Phos/ATCCTAGCCCATACGGCAATG,SecX-BB281-REV,/SecX/GGACATGGGTCAGGTAGGTTG,active
20180618_RI516_ncxNPC_11_12_SIR_2C_ALN_THR_17.ome.tiff,20180618,RI516,ncxNPC,11,12,SIR,2C,ALN,THR,17,ATTO-565,Alexa-488,Mus musculus,10090,http://purl.obolibrary.org/obo/NCBITaxon_10090,UBERON,http://purl.obolibrary.org/obo/UBERON_0001950,UBERON_0001950,E14.5 neocortex ,chr18,54000000,54990180,990180,13453,13.587,A,BB82-FWD,/5Phos/GTATCGTGCAAGGGTGAATGC,SecX-BB278-REV,/SecX/GAGCAGTCACAGTCCAGAAGG,active,chr18,54995000,56335000,1340000,17829,13.306,B,BB81-FWD,/5Phos/ATCCTAGCCCATACGGCAATG,SecX-BB281-REV,/SecX/GGACATGGGTCAGGTAGGTTG,active
20180809_RI516_ncxNPC_22_21_SIR_2C_ALN_THR_12.ome.tiff,20180809,RI516,ncxNPC,22,21,SIR,2C,ALN,THR,12,ATTO-565,Alexa-488,Mus musculus,10090,http://purl.obolibrary.org/obo/NCBITaxon_10090,UBERON,http://purl.obolibrary.org/obo/UBERON_0001950,UBERON_0001950,E14.5 neocortex ,chr8,43355000,44030000,675000,6124,9.074,D,BB293-FWD,/5Phos/CCGAGTCTAGCGTCTCCTCTG,SecX-BB294-REV,/SecX/AACAGAGCCAGCCTCTACCTG,repressed,chr8,42540000,43275000,735000,7664,10.428,C,BB287-FWD,/5Phos/CGCTCGGTCTCCGTTCGTCTC,SecX-BB288-REV,/SecX/GGGCTAGGTACAGGGTTCAGC,repressed
20180618_RI516_ncxNPC_11_12_SIR_2C_ALN_THR_35.ome.tiff,20180618,RI516,ncxNPC,11,12,SIR,2C,ALN,THR,35,ATTO-565,Alexa-488,Mus musculus,10090,http://purl.obolibrary.org/obo/NCBITaxon_10090,UBERON,http://purl.obolibrary.org/obo/UBERON_0001950,UBERON_0001950,E14.5 neocortex ,chr18,54000000,54990180,990180,13453,13.587,A,BB82-FWD,/5Phos/GTATCGTGCAAGGGTGAATGC,SecX-BB278-REV,/SecX/GAGCAGTCACAGTCCAGAAGG,active,chr18,54995000,56335000,1340000,17829,13.306,B,BB81-FWD,/5Phos/ATCCTAGCCCATACGGCAATG,SecX-BB281-REV,/SecX/GGACATGGGTCAGGTAGGTTG,active
20180618_RI516_ncxNPC_11_12_SIR_2C_ALN_THR_41.ome.tiff,20180618,RI516,ncxNPC,11,12,SIR,2C,ALN,THR,41,ATTO-565,Alexa-488,Mus musculus,10090,http://purl.obolibrary.org/obo/NCBITaxon_10090,UBERON,http://purl.obolibrary.org/obo/UBERON_0001950,UBERON_0001950,E14.5 neocortex ,chr18,54000000,54990180,990180,13453,13.587,A,BB82-FWD,/5Phos/GTATCGTGCAAGGGTGAATGC,SecX-BB278-REV,/SecX/GAGCAGTCACAGTCCAGAAGG,active,chr18,54995000,56335000,1340000,17829,13.306,B,BB81-FWD,/5Phos/ATCCTAGCCCATACGGCAATG,SecX-BB281-REV,/SecX/GGACATGGGTCAGGTAGGTTG,active
20180809_RI516_ncxNPC_22_21_SIR_2C_ALN_THR_19.ome.tiff,20180809,RI516,ncxNPC,22,21,SIR,2C,ALN,THR,19,ATTO-565,Alexa-488,Mus musculus,10090,http://purl.obolibrary.org/obo/NCBITaxon_10090,UBERON,http://purl.obolibrary.org/obo/UBERON_0001950,UBERON_0001950,E14.5 neocortex ,chr8,43355000,44030000,675000,6124,9.074,D,BB293-FWD,/5Phos/CCGAGTCTAGCGTCTCCTCTG,SecX-BB294-REV,/SecX/AACAGAGCCAGCCTCTACCTG,repressed,chr8,42540000,43275000,735000,7664,10.428,C,BB287-FWD,/5Phos/CGCTCGGTCTCCGTTCGTCTC,SecX-BB288-REV,/SecX/GGGCTAGGTACAGGGTTCAGC,repressed
20180618_RI516_ncxNPC_11_12_SIR_2C_ALN_THR_32.ome.tiff,20180618,RI516,ncxNPC,11,12,SIR,2C,ALN,THR,32,ATTO-565,Alexa-488,Mus musculus,10090,http://purl.obolibrary.org/obo/NCBITaxon_10090,UBERON,http://purl.obolibrary.org/obo/UBERON_0001950,UBERON_0001950,E14.5 neocortex ,chr18,54000000,54990180,990180,13453,13.587,A,BB82-FWD,/5Phos/GTATCGTGCAAGGGTGAATGC,SecX-BB278-REV,/SecX/GAGCAGTCACAGTCCAGAAGG,active,chr18,54995000,56335000,1340000,17829,13.306,B,BB81-FWD,/5Phos/ATCCTAGCCCATACGGCAATG,SecX-BB281-REV,/SecX/GGACATGGGTCAGGTAGGTTG,active
20180809_RI516_ncxNPC_22_21_SIR_2C_ALN_THR_29.ome.tiff,20180809,RI516,ncxNPC,22,21,SIR,2C,ALN,THR,29,ATTO-565,Alexa-488,Mus musculus,10090,http://purl.obolibrary.org/obo/NCBITaxon_10090,UBERON,http://purl.obolibrary.org/obo/UBERON_0001950,UBERON_0001950,E14.5 neocortex ,chr8,43355000,44030000,675000,6124,9.074,D,BB293-FWD,/5Phos/CCGAGTCTAGCGTCTCCTCTG,SecX-BB294-REV,/SecX/AACAGAGCCAGCCTCTACCTG,repressed,chr8,42540000,43275000,735000,7664,10.428,C,BB287-FWD,/5Phos/CGCTCGGTCTCCGTTCGTCTC,SecX-BB288-REV,/SecX/GGGCTAGGTACAGGGTTCAGC,repressed
20180618_RI516_ncxNPC_11_12_SIR_2C_ALN_THR_25.ome.tiff,20180618,RI516,ncxNPC,11,12,SIR,2C,ALN,THR,25,ATTO-565,Alexa-488,Mus musculus,10090,http://purl.obolibrary.org/obo/NCBITaxon_10090,UBERON,http://purl.obolibrary.org/obo/UBERON_0001950,UBERON_0001950,E14.5 neocortex ,chr18,54000000,54990180,990180,13453,13.587,A,BB82-FWD,/5Phos/GTATCGTGCAAGGGTGAATGC,SecX-BB278-REV,/SecX/GAGCAGTCACAGTCCAGAAGG,active,chr18,54995000,56335000,1340000,17829,13.306,B,BB81-FWD,/5Phos/ATCCTAGCCCATACGGCAATG,SecX-BB281-REV,/SecX/GGACATGGGTCAGGTAGGTTG,active
20180809_RI516_ncxNPC_22_21_SIR_2C_ALN_THR_18.ome.tiff,20180809,RI516,ncxNPC,22,21,SIR,2C,ALN,THR,18,ATTO-565,Alexa-488,Mus musculus,10090,http://purl.obolibrary.org/obo/NCBITaxon_10090,UBERON,http://purl.obolibrary.org/obo/UBERON_0001950,UBERON_0001950,E14.5 neocortex ,chr8,43355000,44030000,675000,6124,9.074,D,BB293-FWD,/5Phos/CCGAGTCTAGCGTCTCCTCTG,SecX-BB294-REV,/SecX/AACAGAGCCAGCCTCTACCTG,repressed,chr8,42540000,43275000,735000,7664,10.428,C,BB287-FWD,/5Phos/CGCTCGGTCTCCGTTCGTCTC,SecX-BB288-REV,/SecX/GGGCTAGGTACAGGGTTCAGC,repressed
20180809_RI516_ncxNPC_22_21_SIR_2C_ALN_THR_31.ome.tiff,20180809,RI516,ncxNPC,22,21,SIR,2C,ALN,THR,31,ATTO-565,Alexa-488,Mus musculus,10090,http://purl.obolibrary.org/obo/NCBITaxon_10090,UBERON,http://purl.obolibrary.org/obo/UBERON_0001950,UBERON_0001950,E14.5 neocortex ,chr8,43355000,44030000,675000,6124,9.074,D,BB293-FWD,/5Phos/CCGAGTCTAGCGTCTCCTCTG,SecX-BB294-REV,/SecX/AACAGAGCCAGCCTCTACCTG,repressed,chr8,42540000,43275000,735000,7664,10.428,C,BB287-FWD,/5Phos/CGCTCGGTCTCCGTTCGTCTC,SecX-BB288-REV,/SecX/GGGCTAGGTACAGGGTTCAGC,repressed
20180809_RI516_ncxNPC_22_21_SIR_2C_ALN_THR_4.ome.tiff,20180809,RI516,ncxNPC,22,21,SIR,2C,ALN,THR,4,ATTO-565,Alexa-488,Mus musculus,10090,http://purl.obolibrary.org/obo/NCBITaxon_10090,UBERON,http://purl.obolibrary.org/obo/UBERON_0001950,UBERON_0001950,E14.5 neocortex ,chr8,43355000,44030000,675000,6124,9.074,D,BB293-FWD,/5Phos/CCGAGTCTAGCGTCTCCTCTG,SecX-BB294-REV,/SecX/AACAGAGCCAGCCTCTACCTG,repressed,chr8,42540000,43275000,735000,7664,10.428,C,BB287-FWD,/5Phos/CGCTCGGTCTCCGTTCGTCTC,SecX-BB288-REV,/SecX/GGGCTAGGTACAGGGTTCAGC,repressed
20180618_RI516_ncxNPC_11_12_SIR_2C_ALN_THR_18.ome.tiff,20180618,RI516,ncxNPC,11,12,SIR,2C,ALN,THR,18,ATTO-565,Alexa-488,Mus musculus,10090,http://purl.obolibrary.org/obo/NCBITaxon_10090,UBERON,http://purl.obolibrary.org/obo/UBERON_0001950,UBERON_0001950,E14.5 neocortex ,chr18,54000000,54990180,990180,13453,13.587,A,BB82-FWD,/5Phos/GTATCGTGCAAGGGTGAATGC,SecX-BB278-REV,/SecX/GAGCAGTCACAGTCCAGAAGG,active,chr18,54995000,56335000,1340000,17829,13.306,B,BB81-FWD,/5Phos/ATCCTAGCCCATACGGCAATG,SecX-BB281-REV,/SecX/GGACATGGGTCAGGTAGGTTG,active
20180618_RI516_ncxNPC_11_12_SIR_2C_ALN_THR_48.ome.tiff,20180618,RI516,ncxNPC,11,12,SIR,2C,ALN,THR,48,ATTO-565,Alexa-488,Mus musculus,10090,http://purl.obolibrary.org/obo/NCBITaxon_10090,UBERON,http://purl.obolibrary.org/obo/UBERON_0001950,UBERON_0001950,E14.5 neocortex ,chr18,54000000,54990180,990180,13453,13.587,A,BB82-FWD,/5Phos/GTATCGTGCAAGGGTGAATGC,SecX-BB278-REV,/SecX/GAGCAGTCACAGTCCAGAAGG,active,chr18,54995000,56335000,1340000,17829,13.306,B,BB81-FWD,/5Phos/ATCCTAGCCCATACGGCAATG,SecX-BB281-REV,/SecX/GGACATGGGTCAGGTAGGTTG,active
20180618_RI516_ncxNPC_11_12_SIR_2C_ALN_THR_44.ome.tiff,20180618,RI516,ncxNPC,11,12,SIR,2C,ALN,THR,44,ATTO-565,Alexa-488,Mus musculus,10090,http://purl.obolibrary.org/obo/NCBITaxon_10090,UBERON,http://purl.obolibrary.org/obo/UBERON_0001950,UBERON_0001950,E14.5 neocortex ,chr18,54000000,54990180,990180,13453,13.587,A,BB82-FWD,/5Phos/GTATCGTGCAAGGGTGAATGC,SecX-BB278-REV,/SecX/GAGCAGTCACAGTCCAGAAGG,active,chr18,54995000,56335000,1340000,17829,13.306,B,BB81-FWD,/5Phos/ATCCTAGCCCATACGGCAATG,SecX-BB281-REV,/SecX/GGACATGGGTCAGGTAGGTTG,active
20180809_RI516_ncxNPC_22_21_SIR_2C_ALN_THR_5.ome.tiff,20180809,RI516,ncxNPC,22,21,SIR,2C,ALN,THR,5,ATTO-565,Alexa-488,Mus musculus,10090,http://purl.obolibrary.org/obo/NCBITaxon_10090,UBERON,http://purl.obolibrary.org/obo/UBERON_0001950,UBERON_0001950,E14.5 neocortex ,chr8,43355000,44030000,675000,6124,9.074,D,BB293-FWD,/5Phos/CCGAGTCTAGCGTCTCCTCTG,SecX-BB294-REV,/SecX/AACAGAGCCAGCCTCTACCTG,repressed,chr8,42540000,43275000,735000,7664,10.428,C,BB287-FWD,/5Phos/CGCTCGGTCTCCGTTCGTCTC,SecX-BB288-REV,/SecX/GGGCTAGGTACAGGGTTCAGC,repressed
20180618_RI516_ncxNPC_11_12_SIR_2C_ALN_THR_20.ome.tiff,20180618,RI516,ncxNPC,11,12,SIR,2C,ALN,THR,20,ATTO-565,Alexa-488,Mus musculus,10090,http://purl.obolibrary.org/obo/NCBITaxon_10090,UBERON,http://purl.obolibrary.org/obo/UBERON_0001950,UBERON_0001950,E14.5 neocortex ,chr18,54000000,54990180,990180,13453,13.587,A,BB82-FWD,/5Phos/GTATCGTGCAAGGGTGAATGC,SecX-BB278-REV,/SecX/GAGCAGTCACAGTCCAGAAGG,active,chr18,54995000,56335000,1340000,17829,13.306,B,BB81-FWD,/5Phos/ATCCTAGCCCATACGGCAATG,SecX-BB281-REV,/SecX/GGACATGGGTCAGGTAGGTTG,active
